{
  "accuracy": 0.9929676511954993,
  "report": {
    "0": {
      "precision": 0.9949480774628122,
      "recall": 0.9896705750977107,
      "f1-score": 0.9923023093072078,
      "support": 3582.0
    },
    "1": {
      "precision": 0.9913104744011273,
      "recall": 0.9957537154989384,
      "f1-score": 0.9935271272213724,
      "support": 4239.0
    },
    "accuracy": 0.9929676511954993,
    "macro avg": {
      "precision": 0.9931292759319698,
      "recall": 0.9927121452983245,
      "f1-score": 0.9929147182642901,
      "support": 7821.0
    },
    "weighted avg": {
      "precision": 0.9929764882314502,
      "recall": 0.9929676511954993,
      "f1-score": 0.9929661634355984,
      "support": 7821.0
    }
  },
  "confusion_matrix": [
    [
      3545,
      37
    ],
    [
      18,
      4221
    ]
  ],
  "recommended_threshold": 0.5401183719847236
}